{"title":{"0":"Avengers: Endgame","1":"Avatar","2":"Star Wars: The Force Awakens","3":"Avengers: Infinity War","4":"Titanic","5":"Jurassic World","6":"The Lion King","7":"The Avengers","8":"Furious 7","9":"Avengers: Age of Ultron","10":"Black Panther","11":"Harry Potter and the Deathly Hallows: Part 2","12":"Star Wars: The Last Jedi","13":"Frozen II","14":"Jurassic World: Fallen Kingdom","15":"Frozen","16":"Beauty and the Beast","17":"Incredibles 2"},"id":{"0":299534,"1":19995,"2":140607,"3":299536,"4":597,"5":135397,"6":420818,"7":24428,"8":168259,"9":99861,"10":284054,"11":12445,"12":181808,"13":330457,"14":351286,"15":109445,"16":321612,"17":260513},"revenue":{"0":2797800564,"1":2787965087,"2":2068223624,"3":2046239637,"4":1845034188,"5":1671713208,"6":1656943394,"7":1519557910,"8":1506249360,"9":1405403694,"10":1346739107,"11":1341511219,"12":1332539889,"13":1330764959,"14":1303459585,"15":1274219009,"16":1263521126,"17":1241891456},"genres":{"0":[{"id":12,"name":"Adventure"},{"id":878,"name":"Science Fiction"},{"id":28,"name":"Action"}],"1":[{"id":28,"name":"Action"},{"id":12,"name":"Adventure"},{"id":14,"name":"Fantasy"},{"id":878,"name":"Science Fiction"}],"2":[{"id":28,"name":"Action"},{"id":12,"name":"Adventure"},{"id":878,"name":"Science Fiction"},{"id":14,"name":"Fantasy"}],"3":[{"id":12,"name":"Adventure"},{"id":28,"name":"Action"},{"id":878,"name":"Science Fiction"}],"4":[{"id":18,"name":"Drama"},{"id":10749,"name":"Romance"},{"id":53,"name":"Thriller"}],"5":[{"id":28,"name":"Action"},{"id":12,"name":"Adventure"},{"id":878,"name":"Science Fiction"},{"id":53,"name":"Thriller"}],"6":[{"id":12,"name":"Adventure"},{"id":10751,"name":"Family"}],"7":[{"id":878,"name":"Science Fiction"},{"id":28,"name":"Action"},{"id":12,"name":"Adventure"}],"8":[{"id":28,"name":"Action"},{"id":53,"name":"Thriller"}],"9":[{"id":28,"name":"Action"},{"id":12,"name":"Adventure"},{"id":878,"name":"Science Fiction"}],"10":[{"id":28,"name":"Action"},{"id":12,"name":"Adventure"},{"id":14,"name":"Fantasy"},{"id":878,"name":"Science Fiction"}],"11":[{"id":14,"name":"Fantasy"},{"id":12,"name":"Adventure"}],"12":[{"id":14,"name":"Fantasy"},{"id":12,"name":"Adventure"},{"id":878,"name":"Science Fiction"},{"id":28,"name":"Action"}],"13":[{"id":16,"name":"Animation"},{"id":10751,"name":"Family"},{"id":12,"name":"Adventure"}],"14":[{"id":28,"name":"Action"},{"id":12,"name":"Adventure"},{"id":878,"name":"Science Fiction"}],"15":[{"id":16,"name":"Animation"},{"id":12,"name":"Adventure"},{"id":10751,"name":"Family"}],"16":[{"id":10751,"name":"Family"},{"id":14,"name":"Fantasy"},{"id":10749,"name":"Romance"}],"17":[{"id":28,"name":"Action"},{"id":12,"name":"Adventure"},{"id":16,"name":"Animation"},{"id":10751,"name":"Family"}]},"belongs_to_collection":{"0":{"id":86311,"name":"The Avengers Collection","poster_path":"\/yFSIUVTCvgYrpalUktulvk3Gi5Y.jpg","backdrop_path":"\/zuW6fOiusv4X9nnW3paHGfXcSll.jpg"},"1":{"id":87096,"name":"Avatar Collection","poster_path":"\/nslJVsO58Etqkk17oXMuVK4gNOF.jpg","backdrop_path":"\/8nCr9W7sKus2q9PLbYsnT7iCkuT.jpg"},"2":{"id":10,"name":"Star Wars Collection","poster_path":"\/iTQHKziZy9pAAY4hHEDCGPaOvFC.jpg","backdrop_path":"\/d8duYyyC9J5T825Hg7grmaabfxQ.jpg"},"3":{"id":86311,"name":"The Avengers Collection","poster_path":"\/yFSIUVTCvgYrpalUktulvk3Gi5Y.jpg","backdrop_path":"\/zuW6fOiusv4X9nnW3paHGfXcSll.jpg"},"4":null,"5":{"id":328,"name":"Jurassic Park Collection","poster_path":"\/qIm2nHXLpBBdMxi8dvfrnDkBUDh.jpg","backdrop_path":"\/pJjIH9QN0OkHFV9eue6XfRVnPkr.jpg"},"6":null,"7":{"id":86311,"name":"The Avengers Collection","poster_path":"\/yFSIUVTCvgYrpalUktulvk3Gi5Y.jpg","backdrop_path":"\/zuW6fOiusv4X9nnW3paHGfXcSll.jpg"},"8":{"id":9485,"name":"The Fast and the Furious Collection","poster_path":"\/uv63yAGg1zETAs1XQsOQpava87l.jpg","backdrop_path":"\/z5A5W3WYJc3UVEWljSGwdjDgQ0j.jpg"},"9":{"id":86311,"name":"The Avengers Collection","poster_path":"\/yFSIUVTCvgYrpalUktulvk3Gi5Y.jpg","backdrop_path":"\/zuW6fOiusv4X9nnW3paHGfXcSll.jpg"},"10":{"id":529892,"name":"Black Panther Collection","poster_path":"\/9ZSPIsxI3TZDgfg0Jzk0RZl4INg.jpg","backdrop_path":"\/1Jj7Frjjbewb6Q6dl6YXhL3kuvL.jpg"},"11":{"id":1241,"name":"Harry Potter Collection","poster_path":"\/eVPs2Y0LyvTLZn6AP5Z6O2rtiGB.jpg","backdrop_path":"\/wfnMt6LGqYHcNyOfsuusw5lX3bL.jpg"},"12":{"id":10,"name":"Star Wars Collection","poster_path":"\/iTQHKziZy9pAAY4hHEDCGPaOvFC.jpg","backdrop_path":"\/d8duYyyC9J5T825Hg7grmaabfxQ.jpg"},"13":{"id":386382,"name":"Frozen Collection","poster_path":"\/rpoXnE9UzCbjmINhxIi8bZF557B.jpg","backdrop_path":"\/vZiqhw6oFoMlHSneIdVip9rRou2.jpg"},"14":{"id":328,"name":"Jurassic Park Collection","poster_path":"\/qIm2nHXLpBBdMxi8dvfrnDkBUDh.jpg","backdrop_path":"\/pJjIH9QN0OkHFV9eue6XfRVnPkr.jpg"},"15":{"id":386382,"name":"Frozen Collection","poster_path":"\/rpoXnE9UzCbjmINhxIi8bZF557B.jpg","backdrop_path":"\/vZiqhw6oFoMlHSneIdVip9rRou2.jpg"},"16":null,"17":{"id":468222,"name":"The Incredibles Collection","poster_path":"\/l7GqbzkJwowYRIXAtUz2iCPi64a.jpg","backdrop_path":"\/9eDW2dVhnzPS2HvaRdK2OlAGaLq.jpg"}},"runtime":{"0":181,"1":162,"2":136,"3":149,"4":194,"5":124,"6":118,"7":143,"8":137,"9":141,"10":134,"11":130,"12":152,"13":104,"14":129,"15":102,"16":129,"17":118}}