title,id,revenue,genres,belongs_to_collection,runtime
Avengers: Endgame,299534,2797800564,"[{'id': 12, 'name': 'Adventure'}, {'id': 878, 'name': 'Science Fiction'}, {'id': 28, 'name': 'Action'}]","{'id': 86311, 'name': 'The Avengers Collection', 'poster_path': '/yFSIUVTCvgYrpalUktulvk3Gi5Y.jpg', 'backdrop_path': '/zuW6fOiusv4X9nnW3paHGfXcSll.jpg'}",181
Avatar,19995,2787965087,"[{'id': 28, 'name': 'Action'}, {'id': 12, 'name': 'Adventure'}, {'id': 14, 'name': 'Fantasy'}, {'id': 878, 'name': 'Science Fiction'}]","{'id': 87096, 'name': 'Avatar Collection', 'poster_path': '/nslJVsO58Etqkk17oXMuVK4gNOF.jpg', 'backdrop_path': '/8nCr9W7sKus2q9PLbYsnT7iCkuT.jpg'}",162
Star Wars: The Force Awakens,140607,2068223624,"[{'id': 28, 'name': 'Action'}, {'id': 12, 'name': 'Adventure'}, {'id': 878, 'name': 'Science Fiction'}, {'id': 14, 'name': 'Fantasy'}]","{'id': 10, 'name': 'Star Wars Collection', 'poster_path': '/r8Ph5MYXL04Qzu4QBbq2KjqwtkQ.jpg', 'backdrop_path': '/d8duYyyC9J5T825Hg7grmaabfxQ.jpg'}",136
Avengers: Infinity War,299536,2046239637,"[{'id': 12, 'name': 'Adventure'}, {'id': 28, 'name': 'Action'}, {'id': 878, 'name': 'Science Fiction'}]","{'id': 86311, 'name': 'The Avengers Collection', 'poster_path': '/yFSIUVTCvgYrpalUktulvk3Gi5Y.jpg', 'backdrop_path': '/zuW6fOiusv4X9nnW3paHGfXcSll.jpg'}",149
Titanic,597,1845034188,"[{'id': 18, 'name': 'Drama'}, {'id': 10749, 'name': 'Romance'}]",,194
Jurassic World,135397,1671713208,"[{'id': 28, 'name': 'Action'}, {'id': 12, 'name': 'Adventure'}, {'id': 878, 'name': 'Science Fiction'}, {'id': 53, 'name': 'Thriller'}]","{'id': 328, 'name': 'Jurassic Park Collection', 'poster_path': '/qIm2nHXLpBBdMxi8dvfrnDkBUDh.jpg', 'backdrop_path': '/njFixYzIxX8jsn6KMSEtAzi4avi.jpg'}",124
The Lion King,420818,1656943394,"[{'id': 12, 'name': 'Adventure'}, {'id': 10751, 'name': 'Family'}]",,118
The Avengers,24428,1519557910,"[{'id': 878, 'name': 'Science Fiction'}, {'id': 28, 'name': 'Action'}, {'id': 12, 'name': 'Adventure'}]","{'id': 86311, 'name': 'The Avengers Collection', 'poster_path': '/yFSIUVTCvgYrpalUktulvk3Gi5Y.jpg', 'backdrop_path': '/zuW6fOiusv4X9nnW3paHGfXcSll.jpg'}",143
Furious 7,168259,1506249360,"[{'id': 28, 'name': 'Action'}, {'id': 53, 'name': 'Thriller'}]","{'id': 9485, 'name': 'The Fast and the Furious Collection', 'poster_path': '/uv63yAGg1zETAs1XQsOQpava87l.jpg', 'backdrop_path': '/z5A5W3WYJc3UVEWljSGwdjDgQ0j.jpg'}",137
Avengers: Age of Ultron,99861,1405403694,"[{'id': 28, 'name': 'Action'}, {'id': 12, 'name': 'Adventure'}, {'id': 878, 'name': 'Science Fiction'}]","{'id': 86311, 'name': 'The Avengers Collection', 'poster_path': '/yFSIUVTCvgYrpalUktulvk3Gi5Y.jpg', 'backdrop_path': '/zuW6fOiusv4X9nnW3paHGfXcSll.jpg'}",141
Black Panther,284054,1346739107,"[{'id': 28, 'name': 'Action'}, {'id': 12, 'name': 'Adventure'}, {'id': 14, 'name': 'Fantasy'}, {'id': 878, 'name': 'Science Fiction'}]","{'id': 529892, 'name': 'Black Panther Collection', 'poster_path': '/9ZSPIsxI3TZDgfg0Jzk0RZl4INg.jpg', 'backdrop_path': '/1Jj7Frjjbewb6Q6dl6YXhL3kuvL.jpg'}",134
Harry Potter and the Deathly Hallows: Part 2,12445,1341511219,"[{'id': 14, 'name': 'Fantasy'}, {'id': 12, 'name': 'Adventure'}]","{'id': 1241, 'name': 'Harry Potter Collection', 'poster_path': '/eVPs2Y0LyvTLZn6AP5Z6O2rtiGB.jpg', 'backdrop_path': '/wfnMt6LGqYHcNyOfsuusw5lX3bL.jpg'}",130
Star Wars: The Last Jedi,181808,1332539889,"[{'id': 878, 'name': 'Science Fiction'}, {'id': 28, 'name': 'Action'}, {'id': 12, 'name': 'Adventure'}]","{'id': 10, 'name': 'Star Wars Collection', 'poster_path': '/r8Ph5MYXL04Qzu4QBbq2KjqwtkQ.jpg', 'backdrop_path': '/d8duYyyC9J5T825Hg7grmaabfxQ.jpg'}",152
Frozen II,330457,1330764959,"[{'id': 16, 'name': 'Animation'}, {'id': 10751, 'name': 'Family'}, {'id': 12, 'name': 'Adventure'}]","{'id': 386382, 'name': 'Frozen Collection', 'poster_path': '/rpoXnE9UzCbjmINhxIi8bZF557B.jpg', 'backdrop_path': '/k21wXgC9AVnKoHW1lRPS0UUGCZ4.jpg'}",104
Jurassic World: Fallen Kingdom,351286,1303459585,"[{'id': 28, 'name': 'Action'}, {'id': 12, 'name': 'Adventure'}, {'id': 878, 'name': 'Science Fiction'}]","{'id': 328, 'name': 'Jurassic Park Collection', 'poster_path': '/qIm2nHXLpBBdMxi8dvfrnDkBUDh.jpg', 'backdrop_path': '/njFixYzIxX8jsn6KMSEtAzi4avi.jpg'}",129
Frozen,109445,1274219009,"[{'id': 16, 'name': 'Animation'}, {'id': 12, 'name': 'Adventure'}, {'id': 10751, 'name': 'Family'}]","{'id': 386382, 'name': 'Frozen Collection', 'poster_path': '/rpoXnE9UzCbjmINhxIi8bZF557B.jpg', 'backdrop_path': '/k21wXgC9AVnKoHW1lRPS0UUGCZ4.jpg'}",102
Beauty and the Beast,321612,1263521126,"[{'id': 10751, 'name': 'Family'}, {'id': 14, 'name': 'Fantasy'}, {'id': 10749, 'name': 'Romance'}]",,129
Incredibles 2,260513,1241891456,"[{'id': 28, 'name': 'Action'}, {'id': 12, 'name': 'Adventure'}, {'id': 16, 'name': 'Animation'}, {'id': 10751, 'name': 'Family'}]","{'id': 468222, 'name': 'The Incredibles Collection', 'poster_path': '/l7GqbzkJwowYRIXAtUz2iCPi64a.jpg', 'backdrop_path': '/9eDW2dVhnzPS2HvaRdK2OlAGaLq.jpg'}",118
