[{"title":"Avengers: Endgame","id":299534,"revenue":2797800564,"genres":[{"id":12,"name":"Adventure"},{"id":878,"name":"Science Fiction"},{"id":28,"name":"Action"}],"belongs_to_collection":{"id":86311,"name":"The Avengers Collection","poster_path":"\/yFSIUVTCvgYrpalUktulvk3Gi5Y.jpg","backdrop_path":"\/zuW6fOiusv4X9nnW3paHGfXcSll.jpg"},"runtime":181},{"title":"Avatar","id":19995,"revenue":2787965087,"genres":[{"id":28,"name":"Action"},{"id":12,"name":"Adventure"},{"id":14,"name":"Fantasy"},{"id":878,"name":"Science Fiction"}],"belongs_to_collection":{"id":87096,"name":"Avatar Collection","poster_path":"\/nslJVsO58Etqkk17oXMuVK4gNOF.jpg","backdrop_path":"\/8nCr9W7sKus2q9PLbYsnT7iCkuT.jpg"},"runtime":162},{"title":"Star Wars: The Force Awakens","id":140607,"revenue":2068223624,"genres":[{"id":28,"name":"Action"},{"id":12,"name":"Adventure"},{"id":878,"name":"Science Fiction"},{"id":14,"name":"Fantasy"}],"belongs_to_collection":{"id":10,"name":"Star Wars Collection","poster_path":"\/r8Ph5MYXL04Qzu4QBbq2KjqwtkQ.jpg","backdrop_path":"\/d8duYyyC9J5T825Hg7grmaabfxQ.jpg"},"runtime":136},{"title":"Avengers: Infinity War","id":299536,"revenue":2046239637,"genres":[{"id":12,"name":"Adventure"},{"id":28,"name":"Action"},{"id":878,"name":"Science Fiction"}],"belongs_to_collection":{"id":86311,"name":"The Avengers Collection","poster_path":"\/yFSIUVTCvgYrpalUktulvk3Gi5Y.jpg","backdrop_path":"\/zuW6fOiusv4X9nnW3paHGfXcSll.jpg"},"runtime":149},{"title":"Titanic","id":597,"revenue":1845034188,"genres":[{"id":18,"name":"Drama"},{"id":10749,"name":"Romance"}],"belongs_to_collection":null,"runtime":194},{"title":"Jurassic World","id":135397,"revenue":1671713208,"genres":[{"id":28,"name":"Action"},{"id":12,"name":"Adventure"},{"id":878,"name":"Science Fiction"},{"id":53,"name":"Thriller"}],"belongs_to_collection":{"id":328,"name":"Jurassic Park Collection","poster_path":"\/qIm2nHXLpBBdMxi8dvfrnDkBUDh.jpg","backdrop_path":"\/njFixYzIxX8jsn6KMSEtAzi4avi.jpg"},"runtime":124},{"title":"The Lion King","id":420818,"revenue":1656943394,"genres":[{"id":12,"name":"Adventure"},{"id":10751,"name":"Family"}],"belongs_to_collection":null,"runtime":118},{"title":"The Avengers","id":24428,"revenue":1519557910,"genres":[{"id":878,"name":"Science Fiction"},{"id":28,"name":"Action"},{"id":12,"name":"Adventure"}],"belongs_to_collection":{"id":86311,"name":"The Avengers Collection","poster_path":"\/yFSIUVTCvgYrpalUktulvk3Gi5Y.jpg","backdrop_path":"\/zuW6fOiusv4X9nnW3paHGfXcSll.jpg"},"runtime":143},{"title":"Furious 7","id":168259,"revenue":1506249360,"genres":[{"id":28,"name":"Action"},{"id":53,"name":"Thriller"}],"belongs_to_collection":{"id":9485,"name":"The Fast and the Furious Collection","poster_path":"\/uv63yAGg1zETAs1XQsOQpava87l.jpg","backdrop_path":"\/z5A5W3WYJc3UVEWljSGwdjDgQ0j.jpg"},"runtime":137},{"title":"Avengers: Age of Ultron","id":99861,"revenue":1405403694,"genres":[{"id":28,"name":"Action"},{"id":12,"name":"Adventure"},{"id":878,"name":"Science Fiction"}],"belongs_to_collection":{"id":86311,"name":"The Avengers Collection","poster_path":"\/yFSIUVTCvgYrpalUktulvk3Gi5Y.jpg","backdrop_path":"\/zuW6fOiusv4X9nnW3paHGfXcSll.jpg"},"runtime":141},{"title":"Black Panther","id":284054,"revenue":1346739107,"genres":[{"id":28,"name":"Action"},{"id":12,"name":"Adventure"},{"id":14,"name":"Fantasy"},{"id":878,"name":"Science Fiction"}],"belongs_to_collection":{"id":529892,"name":"Black Panther Collection","poster_path":"\/9ZSPIsxI3TZDgfg0Jzk0RZl4INg.jpg","backdrop_path":"\/1Jj7Frjjbewb6Q6dl6YXhL3kuvL.jpg"},"runtime":134},{"title":"Harry Potter and the Deathly Hallows: Part 2","id":12445,"revenue":1341511219,"genres":[{"id":14,"name":"Fantasy"},{"id":12,"name":"Adventure"}],"belongs_to_collection":{"id":1241,"name":"Harry Potter Collection","poster_path":"\/eVPs2Y0LyvTLZn6AP5Z6O2rtiGB.jpg","backdrop_path":"\/wfnMt6LGqYHcNyOfsuusw5lX3bL.jpg"},"runtime":130},{"title":"Star Wars: The Last Jedi","id":181808,"revenue":1332539889,"genres":[{"id":878,"name":"Science Fiction"},{"id":28,"name":"Action"},{"id":12,"name":"Adventure"}],"belongs_to_collection":{"id":10,"name":"Star Wars Collection","poster_path":"\/r8Ph5MYXL04Qzu4QBbq2KjqwtkQ.jpg","backdrop_path":"\/d8duYyyC9J5T825Hg7grmaabfxQ.jpg"},"runtime":152},{"title":"Frozen II","id":330457,"revenue":1330764959,"genres":[{"id":16,"name":"Animation"},{"id":10751,"name":"Family"},{"id":12,"name":"Adventure"}],"belongs_to_collection":{"id":386382,"name":"Frozen Collection","poster_path":"\/rpoXnE9UzCbjmINhxIi8bZF557B.jpg","backdrop_path":"\/k21wXgC9AVnKoHW1lRPS0UUGCZ4.jpg"},"runtime":104},{"title":"Jurassic World: Fallen Kingdom","id":351286,"revenue":1303459585,"genres":[{"id":28,"name":"Action"},{"id":12,"name":"Adventure"},{"id":878,"name":"Science Fiction"}],"belongs_to_collection":{"id":328,"name":"Jurassic Park Collection","poster_path":"\/qIm2nHXLpBBdMxi8dvfrnDkBUDh.jpg","backdrop_path":"\/njFixYzIxX8jsn6KMSEtAzi4avi.jpg"},"runtime":129},{"title":"Frozen","id":109445,"revenue":1274219009,"genres":[{"id":16,"name":"Animation"},{"id":12,"name":"Adventure"},{"id":10751,"name":"Family"}],"belongs_to_collection":{"id":386382,"name":"Frozen Collection","poster_path":"\/rpoXnE9UzCbjmINhxIi8bZF557B.jpg","backdrop_path":"\/k21wXgC9AVnKoHW1lRPS0UUGCZ4.jpg"},"runtime":102},{"title":"Beauty and the Beast","id":321612,"revenue":1263521126,"genres":[{"id":10751,"name":"Family"},{"id":14,"name":"Fantasy"},{"id":10749,"name":"Romance"}],"belongs_to_collection":null,"runtime":129},{"title":"Incredibles 2","id":260513,"revenue":1241891456,"genres":[{"id":28,"name":"Action"},{"id":12,"name":"Adventure"},{"id":16,"name":"Animation"},{"id":10751,"name":"Family"}],"belongs_to_collection":{"id":468222,"name":"The Incredibles Collection","poster_path":"\/l7GqbzkJwowYRIXAtUz2iCPi64a.jpg","backdrop_path":"\/9eDW2dVhnzPS2HvaRdK2OlAGaLq.jpg"},"runtime":118}]